Edición Lolla ,Artista ,Género musical,Género musical,Género musical,Integrantes,Nacionalidad,Headliner,Escenario,Veces en Lollapalooza
2011,The Killers,Rock alternativo,Post-punk revival,New wave,4,Estadounidense,Sí,Coca Cola Zero Stage,1
2011,Jane's Addiction,Rock,Hard Rock,Punk Rock,4,Estadounidense,Sí,Claro Stage,1
2011,Kanye West,Hip Hop,Rap,Pop,1,Estadounidense,Sí,Coca Cola Zero Stage,1
2011,Cypress Hill,Rap ,Hip Hop,Rap Rock,4,Estadounidense,No,Claro Stage,1
2011,30 Secons To Mars,Rock,Rock alternativo,Metal progresivo,4,Estadounidense,No,Coca Cola Zero Stage,1
2011,Fatboy Slim,Electrónica,Dance,Pop,1,Británica,No,LG Stage,1
2011,Deftones,Metal Alternativo,Rock progresivo,Nu metal,5,Estadounidense,No,Claro Stage,1
2011,Armin Van Buuren,Dance,Trance ,House progresivo,1,Países Bajos,No,LG Stage,1
2011,Sublime With Rome,Reggae,Ska Punk,Hip Hop ,3,Estadounidense,No,Claro Stage,1
2011,The Flaming Lips,Rock ,Rock alternativo,Rock Psicodélico,5,Estadounidense,No,Coca Cola Zero Stage,1
2011,Ben Harper ,Blues,Soul ,R&B,1,Estadounidense,No,Claro Stage,1
2011,James ,Rock ,Indie Pop,Britpop,7,Británica,No,Coca Cola Zero Stage,1
2011,The National,Alternativo,Indie Rock,Chamber pop,5,Estadounidense,No,Coca Cola Zero Stage,1
2011,311,Rock ,Rap Rock,Funk Metal,5,Estadounidense,No,Coca Cola Zero Stage,1
2011,Empire Of The Sun,Electrónica,Synth Pop,New wave,2,Australiana,No,LG Stage,1
2011,Cold War Kids,Indie Rock,Blues Rock,Soul Rock,5,Estadounidense,No,Tech Stage,1
2011,CSS,Dance ,Dance punk ,Indie Rock,5,Brasileña,No,Tech Stage,1
2011,Cat Power,Folk Alternativo,Experimental ,Indie Folk,1,Estadounidense,No,Tech Stage,1
2011,Los Bunkers ,Rock ,,,,Chilena,No,Coca Cola Zero Stage,1
2011,Chico Trujillo,Cumbia,Reggae,,,Chilena,No,Claro Stage,1
2011,Devendra Banhart,Folk Alternativo,,,,Estadounidense,No,Tech Stage,1
2011,Boys Noize,Electrónica,,,,Alemana,No,LG Stage,1
2011,The Drums,Indie Rock,,,,Estadounidense,n,Tech Stage,1
2011,Steel Pulse ,Reggae,,,,Británica,No,Claro Stage,1
2011,Fischerspooner,Dance ,,,,Estadounidense,No,LG Stage,1
2011,PerryEtty vs Chris Cox,Rock ,,,,Estadounidense,No,LG Stage,1
2011,Datarock,Rock ,,,,Noruega,No,Tech Stage,1
2011,Edward Sharpe,Rock ,,,,Estadounidense,No,Tech Stage,1
2011,Mala Rodriguez ,Rap ,,,1,Española,No,Coca Cola Zero Stage,1
2011,Todos Tus Muertos,Reggae,,,,Argentina,No,Claro Stage,1
2011,Zeta Bosio,Rock ,,,1,Argentina,No,LG Stage,1
2011,Bomba Estéreo ,Rap alternativo,Reggae,Electro,2,Colombiana,No,Tech Stage,1
2011,Ghostland Observatory ,,,,,Estadounidense,No,LG Stage,1
2011,Joachim Garraud,Electrónica,,,1,Francesa,No,LG Stage,1
2011,Francisca Valenzuela,Pop,,,1,Chilena,No,Claro Stage,1
2011,Anita Tijoux,Rap ,,,1,Chilena,No,Tech Stage,1
2011,Quique Neira,Reggae,,,1,Chilena,No,Claro Stage,1
2011,Latin Bitman,Hip hop,Funk,R&B,1,Chilena,No,LG Stage,1
2011,DJ Raff ,Electrónica,,,1,Chilena,No,LG Stage,1
2011,Toy Selektah ,Electrónica,,,,Mexicana,No,LG Stage,1
2011,Fother Muckers,Rock ,,,,Chilena,No,Tech Stage,1
2011,Como Asesinar a Felipes ,Hip Hop,,,,Chilena,No,Tech Stage,1
2011,Astro ,Indie Pop,,,,Chilena,No,Tech Stage,1
2011,New Kids on the Noise,Electrónica,,,,Chilena,No,LG Stage,1
2011,The Ganjas,Rock neopsicodélico,,,,Chilena,No,Tech Stage,1
2011,Denver,Indie Pop,,,,Chilena,No,Tech Stage,1
2011,Ital ,,,,,Chilena,No,LG Stage,1
2011,Fractal + Joe Vasconcellos,Acústico,,,,Chilena,No,Kidzapalooza,1
2011,Matanza ,Rock,,,,Chilena,No,LG Stage,1
2011,Mundano,Rap Metal,,,,Chilena,No,Tech Stage,1
2011,Devil Presley,Rock,,,,Chilena,No,Tech Stage,1
2011,Los Pulentos,Hip Hop,,,,Chilena,No,Kidzapalooza,1
2011,Cuchara,Infantil,,,,Chilena,No,Kidzapalooza,1
2011,Achu y los plumabits,Infantil,,,,Chilena,No,Kidzapalooza,1
2011,Magictwins,Infantil,,,,Chilena,No,Kidzapalooza,1
2012,Björk ,Electrónica,Art Pop,Experimental,1,Islandesa,Sí,Claro-LG Stage,1
2012,Cage the Elephant,Indie Rock,Blues Rock,Rock Alternativo,6,Estadounidense,No,Claro-LG Stage,1
2012,Thievery Corporation,Electrónica,Dub,Lounge,2,Estadounidense,No,Claro-LG Stage,1
2012,Gentleman,Reggae,NA,NA,1,Alemana,No,Claro-LG Stage,1
2012,Pedro Piedra,Rock,Hip Hop,Indie,1,Chilena,No,Claro-LG Stage,1
2012,Foo Fighters ,Rock ,Hard Rock,Grunge,7,Estadounidense,Sí,Claro-LG Stage,1
2012,Joan Jett & The Blackhearts,Rock,Glam Rock,Punk Rock,4,Estadounidense,No,Claro-LG Stage,1
2012,Band of Horses,Rock,Indie,Folk rock,6,Estadounidense,No,Claro-LG Stage,1
2012,Foster The People,Indie Rock,Indie Pop,Alternativo,3,Estadounidense,No,Claro-LG Stage,1
2012,Arctic Monkeys,Indie Rock,Garage rock,Rock psicodélico,4,Británica,Sí,Coca Cola Stage,1
2012,Los Jaivas,Rock,Folclore ,Fusión latinoamericana,6,Chilena,No,Coca Cola Stage,1
2012,Gogol Bordello,Gypsy Punk,Punk ,Dub,7,Estadounidense,No,Coca Cola Stage,1
2012,Gustavo Cordera,Rock,Folclore ,Murga,1,Argentina,No,Coca Cola Stage,1
2012,MGMT ,Indie Pop,Pop psicodélico,Indie Rock,5,Estadounidense,No,Coca Cola Stage,1
2012,TV On the Radio,Art Rock,Indie rock,Rock electrónico,5,Estadounidense,No,Coca Cola Stage,1
2012,Friendly Fires,Indie Rock,Electrónica,Punk ,3,Británica,No,Coca Cola Stage,1
2012,Camila Moreno,Folk Rock,Rock,Indie,1,Chilena,No,Coca Cola Stage,1
2012,Juana Fe,Rock latino,Cumbia ,Salsa,7,Chilena,No,Coca Cola Stage,1
2012,Crosses ,Rock ,Rock electrónico,Dream pop,3,Estadounidense,No,Alternative Stage,1
2012,Electrodomésticos,Rock alternativo,Industrial,Punk,3,Chilena,No,Alternative Stage,1
2012,Los Tetas,Funk,Rock,Hip Hop,2,Chilena,No,Alternative Stage,1
2012,HopPo!,Folk,Rock,Alternativo,5,Mexicana,No,Alternative Stage,1
2012,Peaches ,Synth pop,Electro pop,Punk Rock,1,Canadiense,No,Alternative Stage,1
2012,Illya Kuryaki and the Valderramas,Funk,Hip Hop,Rock,2,Argentina,No,Alternative Stage,1
2012,Morodo ,Reggae,Dancehall,Hip Hop ,1,Española,No,Alternative Stage,1
2012,Systema Solar ,Música Colombiana,Electrónica,Champeta,7,Colombiana,No,Alternative Stage,1
2012,Calvin Harris,Electro,Dance,Pop,1,Estadounidense,No,Perry's Stage,1
2012,BassNectar ,Electro,Dance,NA,1,Estadounidense,No,Perry's Stage,1
2012,Pretty Lights ,Electro,Dubstep,Nu-disco,1,Estadounidense,No,Perry's Stage,1
2012,Surtek Collective,Electro,Tecno,Dance,2,Alemana,No,Perry's Stage,1
2012,Above & Beyond,Trance,Electro House ,NA,3,Británica,No,Perry's Stage,1
2012,Skrillex ,Electrónica,Dubstep,Dance,1,Estadounidense,No,Perry's Stage,1
2012,Tinie Tempah,Rap,Hip Hop,Dubstep,1,Británica,No,Perry's Stage,1
2012,The Crystal Metod,Tecno,Electrónica,Dance,2,Estadounidense,No,Perry's Stage,1
2012,Alex Anwandter,Pop,Electropop,Rock alternativo,1,Chilena,No,Perry's Stage,1
2012,Silvestre,Cueca,Cumbia,Rock,6,Chilena,No,Huntcha Stage,1
2012,Föllakzoid ,Alternativa,Independiente,NA,3,Chilena,No,Huntcha Stage,1
2012,La Mala Senda,Rock,Punk Rock,NA,4,Chilena,No,Huntcha Stage,1
2012,Pulenta,Funk,R&B,Hip Hop,8,Chilena,No,Huntcha Stage,1
2012,Jiminelson,R&B,Soul,NA,1,Chilena,No,Huntcha Stage,1
2012,Fernando Milagros,Pop rock,Indie folk,Trova,1,Chilena,No,Huntcha Stage,1
2012,We Are the Grand ,Alternativa,Independiente,NA,4,Chilena,No,Huntcha Stage,1
2012,Gush ,Indie Rock,Pop,NA,2,Estadounidense,No,Huntcha Stage,1
2012,Soul and Senses,Trance,NA,NA,2,Chilena,No,Huntcha Stage,1
2012,MC Billeta,Rap ,Hip Hop,NA,1,Chilena,No,Kidzapalooza,1
2012,31 Minutos ,Infantil,NA,NA,,Chilena,No,Kidzapalooza,1
2012,Inti-illimani Histórico,Folclore Chileno,Música latinoamericana,,7,Chilena,No,Kidzapalooza,1
2012,Los Plumabits,Infantil,NA ,NA,,Chilena,No,Kidzapalooza,2
2012,Mazapán ,Infantil,NA ,NA,7,Chilena,No,Kidzapalooza,1
2012,Anitchie,Africano,NA ,NA,,Chilena,No,Kidzapalooza,1
2016,Eminem,Hip Hop,Rap,NA,1,Estadounidense,Sí,VTR Stage,1
2016,Tame Impala,Rock psicodélico,Pop psicodélico,Synthpop,5,Australiana,No,VTR Stage,1
2016,Jungle,Soul,Nu-disco,Neo soul,7,Británica,No,VTR Stage,1
2016,Movimiento Original,Hip hop,Rap reggae,NA,3,Chilena,No,VTR Stage,2
2016,Florence and the Machine,Rock alternativo,Pop barroco,Soul,5,Británica,Sí,VTR Stage,1
2016,Noel Gallagher's High Flying Birds,Rock alternativo,Indie rock,Pop Barroco,5,Británica,No,VTR Stage,1
2016,Eagles of Death Metal,Rock alternativo,Garage rock,Hard rock,4,Estadounidense,No,VTR Stage,1
2016,Alabama Shakes,Southern rock,Soul,Blues rock,4,Estadounidense,No,VTR Stage,2
2016,Twenty One Pilots,Electropop,Rap rock,Indie pop,2,Estadounidense,No,VTR Stage,1
2016,Vintage Trouble,Blues rock,R&B,Soul,4,Estadounidense,No,VTR Stage,1
2016,JACK Ü,Electrónica,Dubstep,Dancehall,2,Estadounidense,SÍ,Itaú Stage,1
2016,Of Monsters and Men ,Folk pop,Indie folk,Folk rock,5,Islandesa,No,Itaú Stage,2
2016,Albert Hammond Jr.,Indie Rock,Garage rock,Post-punk revival,1,Estadounidense,No,Itaú Stage,1
2016,Javiera Mena,Electropop,Indie pop,Pop,1,Chilena,No,Itaú Stage,2
2016,Ases Falsos,Rock alternativo,NA,NA,5,Chilena,No,Itaú Stage,1
2016,Mumford & Sons,Folk rock,Rock,Indie folk,4,Británica,Sí,Itaú Stage,1
2016,Bad Religion,Punk rock,Hardcore punk,Skate punk,5,Estadounidense,No,Itaú Stage,1
2016,Babasónicos,Rock alternativo,Art pop,Rock electrónico,5,Argentina,No,Itaú Stage,1
2016,Brandon Flowers,Rock alternativo,Indie rock,NA,1,Estadounidense,No,Itaú Stage,1
2016,Tinariwen,Folk,Rock,Blues,7,Argelina-Maliense,No,Itaú Stage,1
2016,Gepe,Pop,Electropop,Rock alternativo,1,Chilena,No,ACER-WINDOWS 10 Stage,2
2016,Halsey,Pop,Indie pop,R&B,1,Estadounidense,No,ACER-WINDOWS 10 Stage,1
2016,Walk the Moon,Indie Rock,New wave,Indie pop,4,Estadounidense,No,ACER-WINDOWS 10 Stage,1
2016,Candlebox,Rock alternativo,Post-grunge,NA,5,Estadounidense,No,ACER-WINDOWS 10 Stage,1
2016,The Joy Formidable,Indie Rock,Post-punk,Dream pop,3,Británica,No,ACER-WINDOWS 10 Stage,1
2016,Jiminelson,,,,,Chilena,No,ACER-WINDOWS 10 Stage,
2016,Die Antwoord,Hip hop alternativo,Rave,Electrónica,2,Sudafricana,No,ACER-WINDOWS 10 Stage,1
2016,Ghost,Heavy metal,Doom metal,Shock Rock,9,Sueca,No,ACER-WINDOWS 10 Stage,1
2016,Marina and The Diamonds,Pop ,Indie pop,Electropop,1,Británica,No,ACER-WINDOWS 10 Stage,1
2016,Odesza,Indietrónica,Electropop,Chillwave,2,Estadounidense,No,ACER-WINDOWS 10 Stage,1
2016,Seeed,Reggae,Dancehall,NA,11,Alemana,No,ACER-WINDOWS 10 Stage,1
2016,Tiano Bless,Reggae,Jazz,Champeta,1,Chilena-Brasileña,No,ACER-WINDOWS 10 Stage,1
2016,Zedd,Electrónica,Dance pop,House,1,Rusa,No,d-BOX Stage,1
2016,Todos Tus Muertos,Punk rock,Reggae,Rap rock,5,Argentina,No,d-BOX Stage,2
2016,Duke Dumont,House,UK garage,Deep house,1,Británica,No,d-BOX Stage,1
2016,Flosstradamus,Trap ,Hip hop,NA,1,Estadounidense,No,d-BOX Stage,1
2016,Bitman & Roban,Hip hop,Funk,R&B,1,Chilena,No,d-BOX Stage,1
2016,Jack Novak,House ,Electrónica,NA,1,Estadounidense,No,d-BOX Stage,1
2016,DJ Who,Electrónica,Pop,NA,1,Chilena,No,d-BOX Stage,1
2016,Kaskade,House,Electro house,Future bass,1,Estadounidense,No,d-BOX Stage,2
2016,Zeds Dead,Electrónica,Deep house,Dubstep,2,Canadiense,No,d-BOX Stage,2
2016,RL Grime,Trap ,Future bass,Electro house,1,Estadounidense,No,d-BOX Stage,1
2016,A-Trak,Electro house,Hip hop,NA,1,Canadiense,No,d-BOX Stage,1
2016,Gramatik,Hip hop,NA,NA,3,Eslovena,No,d-BOX Stage,1
2016,Matthew Koma,Pop,Punk,Electrónica,1,Estadounidense,No,d-BOX Stage,1
2016,Tunacola,Hip hop,Pop,Electro pop,5,Chilena,No,d-BOX Stage,1
2016,Föllakzoid ,Alternativa,Independiente,NA,7,Chilena,No,Lotus Stage,2
2016,Kuervos del Sur,Rock progresivo,Folk rock,Post grunge,6,Chilena,No,Lotus Stage,1
2016,Magaly Fields,,,,,Chilena,No,Lotus Stage,
2016,Telebit,,,,,Chilena,No,Lotus Stage,
2016,The Suicide Bitches,,,,,Chilena,No,Lotus Stage,
2016,Julius Popper,Blues rock,Rock ,Rockabilly,6,Chilena,No,Lotus Stage,1
2016,Aguaturbia,,,,,Chilena,No,Lotus Stage,
2016,Oddó,,,,,Chilena,No,Lotus Stage,
2016,La Guacha,,,,,Chilena,No,Lotus Stage,
2016,Stone Giant,,,,,Estadounidense,No,Lotus Stage,
2016,Planeta No,,,,,Chilena,No,Lotus Stage,
2016,Cachureos,Infantil,NA,NA,6,Chilena,No,Kidzapalooza,2
2016,Magia Real,,,,,Chilena,No,Kidzapalooza,
2016,School of Rock,,,,,Chilena,No,Kidzapalooza,
2016,Despertando Las Neuronas,,,,,Estadounidense,No,Kidzapalooza,
2016,Mike Tompkins,,,,,Británica,No,Kidzapalooza,
2016,Florcita motuda,Rock,Pop,Funk,1,Chilena,No,Kidzapalooza,1
2016,Haumoana,,,,,Chilena,No,Kidzapalooza,
2016,Cantando Aprendo a Hablar,Infantil,NA,NA,5,Chilena,No,Kidzapalooza,2
2017,Metallica,Heavy metal,Trash metal,Speed metal,4,Estadounidense,Sí,VTR Stage,1
2017,Rancid,Punk rock,Ska punk,Pop punk,4,Estadounidense,No,VTR Stage,1
2017,Cage The Elephant,Indie rock,Blues rock,Garage rock,6,Estadounidense,No,VTR Stage,3
2017,Lucybell,Rock alternativo,Shoegaze,Dream pop,3,Chilena,No,VTR Stage,2
2017,La Pozze Latina,Hip hop,Rap rock,Funk,2,Chilena,No,VTR Stage,1
2017,The Strokes,Garage rock rival,Indie rock,Post punk revival,5,Estadounidense,Sí,VTR Stage,1
2017,Two Door Cinema Club,Indie rock,Indie pop,Dance-punk,3,Británica,No,VTR Stage,2
2017,Jimmy Eat World,Rock alternativo,Power pop,Pop punk,4,Estadounidense,No,VTR Stage,1
2017,Alex Anwandter,Pop,Electropop,Rock alternativo,1,Chilena,No,VTR Stage,2
2017,We Are the Grand,Indie Rock,Rock alternativo,Pop rock,4,Chilena,No,VTR Stage,3
2017,The XX,Indie pop,Dream pop,Indie rock,3,Británica,Sí,Itaú Stage,2
2017,The 1975,Pop rock,Indie pop,Indie rock,4,Británica,No,Itaú Stage,1
2017,Glass Animals,Indie rock,Indie pop,Alternative pop,4,Británica,No,Itaú Stage,1
2017,Weichafe,Rock alternativo,Metal alternativo,Hard rock,3,Chilena,No,Itaú Stage,1
2017,Villa Cariño,Cumbia,NA,NA,9,Chilena,No,Itaú Stage,1
2017,The Weeknd,R&B,Pop,Electropop,1,Canadiense,Sí,Itaú Stage,1
2017,Duran Duran,New romantic,Synthpop,New wave,4,Británica,No,Itaú Stage,1
2017,Catfish and the Bottlemen,Indie rock,Rock alternativo,Post-punk revival,4,Británica,No,Itaú Stage,1
2017,Gondwana,Reggae,Rocksteady,NA,8,Chilena,No,Itaú Stage,1
2017,Liricistas,,,,,Chilena,No,Itaú Stage,
2017,Prehistóricos,,,,2,Chilena,No,Acer Stage,
2017,Newen Afrobeat,,,,,Chilena,No,Acer Stage,
2017,Silversun Pickups,Rock alternativo,Indie rock,Shoegaze,4,Estadounidense,No,Acer Stage,1
2017,Bomba Estéreo,Rap alternativo,Reggae,Electro,2,Colombiana,No,Acer Stage,2
2017,Tove Lo,Pop,Electropop,Indie pop,1,Sueca,No,Acer Stage,1
2017,G-Eazy,Rap alternativo,Trap,NA,1,Estadounidense,No,Acer Stage,1
2017,Chicago Boys,,,,,Chilena,No,Acer Stage,
2017,Tegan & Sara,Indie pop,Indie folk,Pop punk,2,Canadiense,No,Acer Stage,1
2017,Vance Joy,Indie pop,Indie folk,NA,1,Australiana,No,Acer Stage,1
2017,MØ,Indie pop,Electropop,Synthpop,1,Danesa,No,Acer Stage,1
2017,Melanie Martinez,Pop alternativo,Electropop,Pop rock,1,Estadounidense,No,Acer Stage,1
2017,Flume,Electrónica,Downtempo,Experimental,1,Australiana,No,Acer Stage,2
2017,Roman & Castro,House,Deep house,NA,2,Chilena,No,Perry's Stage,1
2017,Alok,Electrónica,House,Deep house,1,Brasileña,No,Perry's Stage,1
2017,DJ Who,Electrónica,Pop,NA,1,Chilena,No,Perry's Stage,2
2017,Don Diablo,Electrónica,Electro house,Future house,1,Neerlandesa,No,Perry's Stage,1
2017,Tchami,Deep house,Future house,Bass house,1,Francesa,No,Perry's Stage,1
2017,Marshmello,Electrónica,Future Bass,Dubstep,1,Estadounidense,No,Perry's Stage,1
2017,Diplo,Electrónica,Hip hop,Pop,1,Estadounidense,No,Perry's Stage,1
2017,Rodrigo Valdes,,,,,Chilena,No,Perry's Stage,
2017,Vives & Forero,,,,,Chilena,No,Perry's Stage,
2017,Borgore,Dubstep,Electrónica,Step metal,1,Israelí,No,Perry's Stage,1
2017,GRiZ,Electro soul,Funk,Electrónica,1,Estadounidense,No,Perry's Stage,1
2017,Nervo,Electrónica,Electro house,Deep house,2,Australiana,No,Perry's Stage,1
2017,Oliver Heldens,Future house,Bass house,Deep house,1,Neerlandesa,No,Perry's Stage,1
2017,Martin Garrix,Electro house,Big room,Deep house,1,Neerlandesa,No,Perry's Stage,1
2017,Tus amigos nuevos,,,,,Chilena,No,Lotus Stage,
2017,Mariel Mariel,,,,,Chilena,No,Lotus Stage,
2017,Enrique Icka,,,,,Chilena,No,Lotus Stage,
2017,Amahiro,,,,,Chilena,No,Lotus Stage,
2017,Temple Agents,,,,,Chilena,No,Lotus Stage,
2017,Boraj,,,,,Chilena,No,Lotus Stage,
2017,Zaturno ft. Mc Piri,,,,,Chilena,No,Lotus Stage,
2017,Mad Professor,Reggae,Dub,NA,1,Guayanés,No,Lotus Stage,1
2017,Me llamo Sebastián,Indie pop,Folk rock,Pop rock,1,Chilena,No,Lotus Stage,1
2017,Rey Puesto,,,,,Chilena,No,Lotus Stage,
2017,8 Monkys,,,,,Chilena,No,Lotus Stage,
2017,Paz Court,Jazz,Pop,Bolero,1,Chilena,No,Lotus Stage,1
2017,Dr. Vena,,,,,Chilena,No,Lotus Stage,
2017,Crisálida,,,,,Chilena,No,Lotus Stage,
2017,López,Pop rock,Pop,NA,4,Chilena,No,Lotus Stage,1
2017,De tu Cuna a tu Tumba,,,,,Chilena,No,Kidzapalooza Stage,
2017,Anger Parra y Javiera Parra,,,,2,Chilena,No,Kidzapalooza Stage,
2017,Sophi Lira,,,,,Estadounidense,No,Kidzapalooza Stage,
2017,The Helmets,,,,,Estadounidense,No,Kidzapalooza Stage,
2017,Piecesitos,,,,,Chilena,No,Kidzapalooza Stage,
2017,Beatriz Pichi Malen,,,,,Argentina,No,Kidzapalooza Stage,
2017,El barco volador,,,,,Chilena,No,Kidzapalooza Stage,
2017,Mazapán & Nerven Zeller,,,,,Chilena,No,Kidzapalooza Stage,
2018,Pearl Jam,Grunge,Hard rock,Rock alternativo,5,Estadounidense,Sí,VTR Stage,2
2018,The National,Indie rock,Post-punk revival,Chamber pop,5,Estadounidense,No,VTR Stage,2
2018,Milky Chance,Indie folk,Indie rock,Rock alternativo,4,Alemana,No,VTR Stage,1
2018,Ego Kill Talent,Rock,Hard rock,Heavy metal,5,Brasileña,No,VTR Stage,1
2018,Pedro Piedra,Rock,Hip hop,Indie,1,Chilena,No,VTR Stage,3
2018,Red Hot Chili Peppers,Rock alternativo,Pop rock,Funk rock,4,Estadounidense,Sí,VTR Stage,2
2018,Chance the Rapper,Hip hop,Rap alternativo,R&B,1,Estadounidense,Sí,VTR Stage,1
2018,Mon Laferte,Bolero,Indie pop,Pop rock,1,Chilena,No,VTR Stage,1
2018,Chancho en Piedra,Funk rock,Rock experimental,NA,4,Chilena,No,VTR Stage,3
2018,Alain Johannes Trio,Rock alternativo,Hard rock,Blues rock,3,Chilena,No,VTR Stage,1
2018,The Killers,Rock alternativo,Post-punk revival,New wave,4,Estadounidense,Sí,VTR Stage,2
2018,Liam Gallagher,Rock alternativo,Rock psicodelico,Britpop,1,Británica,No,VTR Stage,1
2018,Metronomy,Indietrónica,New wave,Indie pop,5,Británica,No,VTR Stage,1
2018,Kaleo,Indie rock,Blues rock,Garage rock,5,Islandesa,No,VTR Stage,1
2018,Moral distraída,Tropical,Urbano,NA,10,Chilena,No,VTR Stage,1
2018,LCD Soundsystem,Dance-punk,Indietrónica,Indie rock,8,Estadounidense,Sí,Itaú Stage,1
2018,David Byrne,Art pop,Art rock,New wave,1,Británica,No,Itaú Stage,1
2018,Los Jaivas,Rock,Folclore ,Fusión latinoamericana,6,Chilena,No,Itaú Stage,2
2018,Zoé,Rock alternativo,Neopsicodelia,Soft rock,5,Mexicana,No,Itaú Stage,1
2018,Como asesinar a Felipes,,,,,Chilena,No,Itaú Stage,
2018,Imagine Dragons,Pop rock,Electro rock,Rock alternativo,4,Estadounidense,Sí,Itaú Stage,2
2018,Royal Blood,Hard rock,Blues rock,Garage rock,2,Británica,No,Itaú Stage,1
2018,Spoon,Art rock,Folk rock,Indie pop,4,Estadounidense,No,Itaú Stage,1
2018,Las Pelotas,Rock,Funk rock,Reggae,6,Argentina,No,Itaú Stage,1
2018,Santaferia,Cumbia,NA,NA,11,Chilena,No,Itaú Stage,1
2018,Lana del Rey,Indie pop,Trip hop,Indie rock,1,Estadounidense,Sí,Itaú Stage,1
2018,Khalid,R&B,Pop,NA,1,Estadounidense,No,Itaú Stage,1
2018,The Neighbourhood,Rock alternativo,Indie rock,Indie pop,5,Estadounidense,No,Itaú Stage,1
2018,Damas Gratis,Cumbia villera,Ska,Cumbia ,8,Argentina,No,Itaú Stage,1
2018,Kuervos del Sur,Rock progresivo,Folk rock,Post grunge,6,Chilena,No,Itaú Stage,2
2018,31 Minutos,Infantil,NA,NA,13,Chilena,No,Kidzapalooza Stage,2
2018,Olhaberry ,,,,,Chilena,No,Kidzapalooza Stage,
2018,The Alive,,,,,Estadounidense,No,Kidzapalooza Stage,
2018,Liberando Talento,,,,,Chilena,No,Kidzapalooza Stage,
2018,Deep Roy,NA,NA,NA,1,Keniana,No,Kidzapalooza Stage,NA
2018,Los Frutantes,,,,,Chilena,No,Kidzapalooza Stage,
2018,School of Rock,,,,,Estadounidense,No,Kidzapalooza Stage,
2018,Laguna y El Río,,,,,Chilena,No,Kidzapalooza Stage,
2018,Los Fi,,,,,Chilena,No,Kidzapalooza Stage,
2018,El barco volador,,,,,Chilena,No,Kidzapalooza Stage,
2018,Camila Cabello,Pop,R&B,Salsa,1,Cubana,No,Acer Stage,1
2018,Anderson .Paak,,R&B/hip hop/funk/soul,,1,Estadounidense,No,Acer Stage,1
2018,Zara Larsson,Dance pop,Pop,Electropop,1,Sueca,No,Acer Stage,1
2018,Oh Wonder,Indie pop,Electropop,Synthpop,4,Británica,No,Acer Stage,1
2018,Fernando Milagros,Pop rock,Indie folk,Trova,1,Chilena,No,Acer Stage,2
2018,Ceaese,Trap latino,Urbano,NA,1,Chilena,No,Acer Stage,1
2018,Aurora,Pop,Synthpop,Folk,1,Noruega,No,Acer Stage,1
2018,Kygo,House tropical,Dance-pop,House progresivo,1,Noruega,No,Acer Stage,1
2018,Volbeat,Hard rock,Rock and roll,Trash metal,4,Danesa,No,Acer Stage,1
2018,Bajofondo,Tango electrónico,NA,NA,8,Argentina-Uruguaya,No,Acer Stage,1
2018,Lanza Internacional,,,,,Chilena,No,Acer Stage,
2018,Spiral Vortex,,,,,Chilena,No,Acer Stage,
2018,Wiz Khalifa,Hip hop,R&B,Trap,1,Estadounidense,No,Acer Stage,1
2018,Mac Miller,Hip hop,R&B,Soul,1,Estadounidense,No,Acer Stage,1
2018,Mac DeMarco,Bedroom pop,Indie rock,Indie pop,1,Canadiense,No,Acer Stage,1
2018,Tash Sultana,,,,,Australiana,No,Acer Stage,
2018,Kapitol,,,,,Chilena,No,Acer Stage,
2018,Camileazy,,,,,Chilena,No,Acer Stage,
2018,Galantis,Electrónica,NA,NA,2,Sueca,No,Perry's Stage,1
2018,Dillon Francis,Moombahton,Electro house,Dubstep,1,Estadounidense,No,Perry's Stage,1
2018,Alan Walker,Electrónica,Electro house,Dance pop,,Noruega,No,Perry's Stage,
2018,Cheat Codes,Electrónica,Pop,NA,3,Estadounidense,No,Perry's Stage,1
2018,Thomas Jack,,,,2,Australiana,No,Perry's Stage,
2018,Shoot the radio,Rock,Rock electrónico,NA,2,Argentina,No,Perry's Stage,1
2018,Jordan Ferrer,,,,,Chilena,No,Perry's Stage,
2018,Hedo,,,,,Chilena,No,Perry's Stage,
2018,Hardwell,,,,,Neerlandesa,No,Perry's Stage,
2018,DVBBS,,,,,Canadiense,No,Perry's Stage,
2018,Alison Wonderland,,,,,Australiana,No,Perry's Stage,
2018,What so not,,,,,Australiana,No,Perry's Stage,
2018,Shiba San,,,,,Francesa,No,Perry's Stage,
2018,Mitú,,,,,Colombiana,No,Perry's Stage,
2018,DJ Caso,,,,,Chilena,No,Perry's Stage,
2018,Rubio,,,,,Chilena,No,Perry's Stage,
2018,DJ Snake,,,,,Francesa,No,Perry's Stage,
2018,Yellow Claw,,,,,Neerlandesa,No,Perry's Stage,
2018,Deorro,,,,,México,No,Perry's Stage,
2018,NGHTMRE,,,,,Estadounidense,No,Perry's Stage,
2018,Louis the Child,,,,,Estadounidense,No,Perry's Stage,
2018,Whethan,,,,,Estadounidense,No,Perry's Stage,
2018,DJ Mel,,,,,Estadounidense,No,Perry's Stage,
2018,De Kiruza,,,,,Chilena,No,Lotus Stage,
2018,Sinergia,,,,,Chilena,No,Lotus Stage,
2018,Maxi Vargas,,,,,Chilena,No,Lotus Stage,
2018,The Ganjas,,,,,Chilena,No,Lotus Stage,
2018,Cordillera,,,,,Chilena,No,Lotus Stage,
2018,Fuglar,,,,,Chilena,No,Lotus Stage,
2018,Vicente Sanfuentes,,,,,Chilena,No,Lotus Stage,
2018,Latin Bitman,Hip hop,Funk,R&B,1,Chilena,No,Lotus Stage,2
2018,Movimiento Original,,,,,Chilena,No,Lotus Stage,
2018,Amilcar,,,,,Argentina,No,Lotus Stage,
2018,MKRNI,,,,,Chilena,No,Lotus Stage,
2018,Tentempies,,,,,Chilena,No,Lotus Stage,
2018,Matanza,,,,,Chilena,No,Lotus Stage,
2018,El Buho,,,,,Británica,No,Lotus Stage,
2018,Quique Neira,,,,,Chilena,No,Lotus Stage,
2018,Tiano Bless,Reggae,Jazz,Champeta,1,Chilena-Brasileña,No,Lotus Stage,2
2018,Boom Boom Kid,,,,,Argentina,No,Lotus Stage,
2018,Ribo,,,,,Chilena,No,Lotus Stage,
2018,Solución Violeta,,,,,Chilena,No,Lotus Stage,
2018,Alex June,,,,,Chilena,No,Aldea Verde Stage,
2018,Tumu Tapu,,,,,Chilena,No,Aldea Verde Stage,
2018,Hausi Kuta,,,,,Chilena,No,Aldea Verde Stage,
2018,El Buho DJ SET,,,,,Británica,No,Aldea Verde Stage,
2018,Matanza DJ SET,,,,,Chilena,No,Aldea Verde Stage,
2018,DJ Nea,,,,,Canadiense,No,Aldea Verde Stage,
2018,Colores musicales,,,,,Chilena,No,Aldea Verde Stage,
2018,Zsanchos,,,,,Chilena,No,Aldea Verde Stage,
2018,Roman & Castro,House,Deep house,NA,2,Chilena,No,Aldea Verde Stage,2
2018,Spiral Vortex,,,,,Chilena,No,Aldea Verde Stage,
2018,MKRNI,,,,,Chilena,No,Aldea Verde Stage,
2019,The Inspector Cluzo,,,,,Francesa,No,VTR Stage,
2019,Francisca Valenzuela,,,,1,Chilena,No,VTR Stage,
2019,Snow Patrol,,,,,Británica,No,VTR Stage,
2019,Greta Van Fleet,,,,,Estadounidense,No,VTR Stage,
2019,Kendrick Lamar,,,,1,Estadounidense,Sí,VTR Stage,
2019,Monsieur Periné,,,,,Colombiana,No,VTR Stage,
2019,Ziggy Marley,,,,,Jamaiquina,No,VTR Stage,
2019,Bring Me The Horizon,,,,,Británica,No,VTR Stage,
2019,Interpol,,,,,Estadounidense,No,VTR Stage,
2019,Twenty One Pilots,Electropop,Rap rock,Indie pop,2,Estadounidense,Sí,VTR Stage,2
2019,Fiskales Ad-Hok,,,,,Chilena,No,VTR Stage,
2019,Gepe,Pop,Electropop,Rock alternativo,1,Chilena,No,VTR Stage,
2019,Juanes,,,,,Colombiana,No,VTR Stage,
2019,The 1975,Pop rock,Indie pop,Indie rock,4,Británica,No,VTR Stage,2
2019,Artick Monkeys,,,,,Británica,Sí,VTR Stage,
2019,Frank'S White Canvas,,,,,Chilena,No,Banco de Chile Stage,
2019,LANY,,,,,Estadounidense,No,Banco de Chile Stage,
2019,Los Tres,,,,,Chilena,No,Banco de Chile Stage,
2019,Vicentico,,,,,Argentina,No,Banco de Chile Stage,
2019,Lenny Kravitz,,,,,Estadounidense,No,Banco de Chile Stage,
2019,Zaturno & Sole,,,,,Chilena,No,Banco de Chile Stage,
2019,Kamasi Washington,,,,,Estadounidense,No,Banco de Chile Stage,
2019,Portugal. The Man,,,,,Estadounidense,No,Banco de Chile Stage,
2019,Years & Years,,,,,Británica,No,Banco de Chile Stage,
2019,Post Malone,,,,1,Estadounidense,No,Banco de Chile Stage,
2019,Adelaida,,,,,Chilena,No,Banco de Chile Stage,
2019,La Vela Puerca,,,,,Uruguaya,No,Banco de Chile Stage,
2019,Troye Sivan,,,,1,Sudafricana,No,Banco de Chile Stage,
2019,Foals,,,,,Británica,No,Banco de Chile Stage,
2019,Sam Smith,,,,,Británica,No,Banco de Chile Stage,
2019,Playa Gótica,,,,,Chilena,No,Acer Stage,
2019,Bronko Yotte,,,,,Chilena,No,Acer Stage,
2019,Clairo,,,,,Estadounidense,No,Acer Stage,
2019,Jorja Smith,,,,,Británica,No,Acer Stage,
2019,Paulo Londra,,,,1,Argentina,No,Acer Stage,
2019,Humboldt,,,,,Chilena,No,Acer Stage,
2019,Pillanes,,,,,Chilena,No,Acer Stage,
2019,Ases Falsos,Rock alternativo,NA,NA,7,Chilena,No,Acer Stage,2
2019,The Fever 333,,,,,Estadounidense,No,Acer Stage,
2019,Protoje & The Indiggnation,,,,,Jamaiquina,No,Acer Stage,
2019,Rüfüs Du Sol,,,,,Australiana,No,Acer Stage,
2019,Odesza,Indietrónica,Electropop,Chillwave,2,Estadounidense,No,Acer Stage,2
2019,Cigar Box,,,,,Chilena,No,Acer Stage,
2019,Caramelos de Cianuro,,,,,Venezolana,No,Acer Stage,
2019,Parcels,,,,,Australiana,No,Acer Stage,
2019,Jain,,,,,Francesa,No,Acer Stage,
2019,Rosalía,,,,1,Española,No,Acer Stage,
2019,St. Vincent,,,,,Estadounidense,No,Acer Stage,
2019,Macklemore,,,,,Estadounidense,No,Acer Stage,
2019,Sistek,,,,,Chilena,No,Perry's Stage,
2019,Kidd Keo,Trap latino,Rap ,Hip hop ,1,Española,No,Perry's Stage,
2019,Kevinho,,,,,Brasileña,No,Perry's Stage,
2019,Gryffin,,,,,Estadounidense,No,Perry's Stage,
2019,Kungs,,,,,Francesa,No,Perry's Stage,
2019,Fisher,,,,,Australiana,No,Perry's Stage,
2019,KSHMR,,,,,Estadounidense,No,Perry's Stage,
2019,Dimitri Vegas & Like Mike,,,,,Belga,No,Perry's Stage,
2019,Flak,,,,,Chilena,No,Perry's Stage,
2019,Bad Gyal,,,,1,Española,No,Perry's Stage,
2019,Jet Lag,,,,,Brasileña,No,Perry's Stage,
2019,Hippie Sabotage,,,,,Estadounidense,No,Perry's Stage,
2019,Valentino Khan,,,,,Estadounidense,No,Perry's Stage,
2019,DJ Who,Electrónica,Pop,NA,1,Chilena,No,Perry's Stage,3
2019,RL Grime,Trap ,Future bass,Electro house,1,Estadounidense,No,Perry's Stage,2
2019,Steve Aoki,Electrónica,Electro house ,Big room,1,Estadounidense,No,Perry's Stage,
2019,Polimá Westcoast,,,,1,Chilena,No,Perry's Stage,
2019,Omar Varela,,,,,Argentina,No,Perry's Stage,
2019,Khea,,,,1,Argentina,No,Perry's Stage,
2019,GTA,,,,,Estadounidense,No,Perry's Stage,
2019,Loud Luxury,,,,,Canadiense,No,Perry's Stage,
2019,Don Diablo,,,,,Neerlandesa,No,Perry's Stage,
2019,Zhu,,,,,Estadounidense,No,Perry's Stage,
2019,Tiësto,Electrónica,Trance,Bass house,1,Neerlandesa,No,Perry's Stage,
2019,DrefQuila,Trap latino,Reguetón,R&B,1,Chilena,No,Lotus Stage,
2019,Amanitas,,,,,Chilena,No,Lotus Stage,
2019,Green Valley,,,,,Española,No,Lotus Stage,
2019,"Caetano, Moreno, Zeca y tom Veloso",,,,,Brasileña,No,Lotus Stage,
2019,Tokio Ska Paradise Orchestra,,,,,Japonesa,No,Lotus Stage,
2019,Gianluca,,,,1,Chilena,No,Lotus Stage,
2019,Tomasa Del Real,,,,,Chilena,No,Lotus Stage,
2019,Alemán,,,,,Mexicana,No,Lotus Stage,
2019,Paloma Mami,,,,1,Chilena-Estadounidense,No,Lotus Stage,
2019,Américo,,,,,Chilena,No,Lotus Stage,
2019,iLe,,,,,Puertorriqueña,No,Lotus Stage,
2019,Alika,,,,,Uruguaya,No,Lotus Stage,
2019,C. Tangana,,,,1,Española,No,Lotus Stage,
2019,Joe Vasconcellos,,,,,Chilena,No,Lotus Stage,
2019,Natalia Contesse,,,,,Chilena,No,Lotus Stage,
2019,La Floripondio,,,,,Chilena,No,Lotus Stage,
2019,Tribu Huni Kuin,,,,,Peruana,No,Aldea Verde,
2019,Kaleema,,,,,Argentina,No,Aldea Verde,
2019,Elkin Robinson,,,,,Colombiana,No,Aldea Verde,
2019,Chancha Via Circuito,,,,,Argentina,No,Aldea Verde,
2019,Dj Raff,,,,,Chilena,No,Aldea Verde,
2019,Nicola Cruz,,,,,Francesa,No,Aldea Verde,
2019,Satori,,,,,Neerlandesa,No,Aldea Verde,
2019,Kingo Roots & Ras Kadhu,,,,,Chilena,No,Aldea Verde,
2019,Julio Victoria,,,,,Colombiana,No,Aldea Verde,
2019,A.Chal,,,,,Peruana,No,Aldea Verde,
2019,Rubio,,,,,Chilena,No,Aldea Verde,
2019,Nova Materia,,,,,Chilena,No,Aldea Verde,
2019,Booka Shade,,,,,Alemania,No,Aldea Verde,
2019,Valesuchi,,,,,Chilena,No,Aldea Verde,
2019,Keko Yoma,,,,,Chilena,No,Aldea Verde,
2019,Newen Afrobeat,,,,,Chilena,No,Aldea Verde,
2019,Seun Kuti,,,,,,No,Aldea Verde,
2019,Batalla de los Gallos,,,,6,Chilena-Mexicana-Argentina,No,Aldea Verde,
2019,Ana Tijoux,Hip hop consciente,Rap alternativo,Jazz rap,1,Chilena,No,Aldea Verde,4
2019,Los Frutantes,,,,,Chilena,No,Kidzapalooza Stage,
2019,Subhira,,,,,Chilena,No,Kidzapalooza Stage,
2019,Angel Parra y Los Retornados,,,,,Chilena,No,Kidzapalooza Stage,
2019,Los Pulentos,,,,,Chilena,No,Kidzapalooza Stage,
2019,Danzante,,,,,Chilena,No,Kidzapalooza Stage,
2019,Foji,,,,,Chilena,No,Kidzapalooza Stage,
2019,Show Secreto,,,,,,No,Kidzapalooza Stage,
2019,Los Pulentos,,,,,Chilena,No,Kidzapalooza Stage,
2019,Sophi Lira,,,,,Chilena,No,Kidzapalooza Stage,
2019,Secret Show,,,,,,No,Kidzapalooza Stage,
2019,R21 Charly Alberti,,,,,Argentina,No,Kidzapalooza Stage,
2019,Fundación Summer,,,,,Chilena,No,Kidzapalooza Stage,
2019,Seun Kuti,,,,,Nigeriana,No,Kidzapalooza Stage,
2019,Sinergia Kids Game,,,,,Chilena,No,Kidzapalooza Stage,
2019,Drunvaloop,,,,,Chilena,No,HEINEKEN Lounge Stage,
2019,Compadre,,,,,Chilena,No,HEINEKEN Lounge Stage,
2019,Dj Tressor,,,,,Chilena,No,HEINEKEN Lounge Stage,
2019,Red Rabbit,,,,,Chilena,No,HEINEKEN Lounge Stage,
2019,Melanie Ribbe,,,,,Alemana,No,HEINEKEN Lounge Stage,
2019,Fernanda Arrau,,,,,Chilena,No,HEINEKEN Lounge Stage,
2019,Golden Rat,,,,,Chilena,No,HEINEKEN Lounge Stage,
2019,Isa Rojas,,,,,Chilena,No,HEINEKEN Lounge Stage,
2019,Pol del Sur,,,,,Chilena,No,HEINEKEN Lounge Stage,
2019,Entrópica,,,,,Chilena,No,HEINEKEN Lounge Stage,
2019,Satori,,,,,Neerlandesa,No,HEINEKEN Lounge Stage,
2019,Dj Raff,,,,,Chilena,No,HEINEKEN Lounge Stage,
2019,Jefe Indio,,,,,Chilena,No,HEINEKEN Lounge Stage,
2019,Marcela Thais,,,,,Chilena,No,HEINEKEN Lounge Stage,
2019,Sita Abellán,,,,,Española,No,HEINEKEN Lounge Stage,
2019,Fantasna,,,,,Chilena,No,HEINEKEN Lounge Stage,
2019,Valesuchi,,,,,Chilena,No,HEINEKEN Lounge Stage,
2022,Foo Fighters,,Rock alternativo,,6,Estadounidense,Si,VTR Stage,2
2022,Martin Garrix,Electro house,Electrónica,NA,1,Neerlandesa,Sí,Banco de Chile Stage,2
2022,Jhay Cortez,Reguetón,Trap latino ,NA,1,Puertorriqueña,No,VTR Stage,1
2022,KAYTRANADA,,KAYTRANADA,,1,Haitiano-canadiense,No,Perry's Stage,1
2022,Cultura Profética,Reggae,NA,NA,3 ???? confirmar,Puertorriqueña,No,Banco de Chile Stage,1
2022,IDLES,Punk-rock,NA,NA,5,,No,VTR Stage,1
2022,Justin Quiles,Reguetón,Trap,NA,1,,No,Axe Stage,1
2022,Alexisonfire,Rock alternativo,Post-hardcore,NA,5,,No,Axe Stage,1
2022,Alessia Cara ,Pop,R&B,Soul,1,,No,Axe Stage,1
2022,Remi Wolf,Funk,Pop,Indie Rock,1,,No,Axe Stage,1
2022,The Wombats,Indie Rock,NA,NA,3,,No,VTR Stage,1
2022,Channel Tres,Electrónica,Dance,Jazz,1,,No,Perry's Stage,1
2022,Marky Ramone,Punk rock,NA,NA,1?????,,No,Banco de Chile Stage,1
2022,Trueno,Hip hop,Rap ,NA,1,,No,Perry's Stage,1
2022,Pabllo vittar,Pop,Brega funky,Hyperpop,1,,No,Perry's Stage,1
2022,Fernanda Milagros,Pop rock,Indie folck ,NA,1,,No,Axe Stage,4
2022,Camila Moreno,Rock,Electrónica,Indie,1,,No,Lotus Stage,2
2022,Polima Westcoast & Galee Galee,,,,2????,,No,Perry's Stage,2 (Polima) y 1(Galee Galee)
2022,Harry Nach,Trap,NA,NA,1,,No,Perry's Stage,1
2022,Paula Cendejas,Pop,R&B ,NA,1,,No,Lotus Stage,1
2022,Kidd Tetoon,Trap,NA,NA,1,,No,Perry's Stage,1
2022,Francisco Victoria,Pop,NA,NA,1,,No,Aldea Verde,1
2022,Rootz Hi-fi,Soundsystem,Reggae-dub,NA,,Chilena,"???no se si se presentaron, averigua",,
2022,Dulce y Agraz,Pop,NA,NA,1,Chilena,No,Lotus Stage,1
2022,Delic,Pop,Soul,NA,1,Holandesa,No,Lotus Stage,1
2022,The Alive,Rock,NA,NA,3 (confirmar),Estadounidense ,No ,VTR Stage,1
2022,Bocho,Pop,Rock  ,Folclor,1,Chilena,No ,Banco de Ch+G390+G395,1
2022,Temple Agents,Hard Rock,NA,NA,4,Chilena,No ,Aldea Verde,2
2022,Antónima,Pop,NA,NA,1,Chilena,No ,Aldea Verde,1?
2022,Miley Cyrus,Pop rock,R&B,,1,Estadounidense,Sí,VTR Stage,1
2022,A$AP ROCKY,,Hip hop/rap/trap,,1,Estadounidense ,Sí,Banco de Chile Stage,1
2022,Alesso,,Electro house ,,1,Sueca,Sí,Perry's Stage,1
2022,Cami,,Pop/balada romántica/música alternativa,,1,Chilena,No,VTR Stage,1
2022,Turnstile,,Punk hardcore,,4,Estadounidense,No,VTR Stage,1
2022,Javiera y los imposibles,,Pop/pop rock,,2,Chilena,No,VTR Stage,2
2022,Tiro de gracia,,Hip hop,,2,Chilena,No,VTR Stage,1
2022,The Strokes,,Rock alternativo,,5,Estadounidense,Sí,VTR Stage,2
2022,Machine Gun Kelly,,Hip hop/pop punk/rap rock,,1,Estadounidense,Sí,VTR Stage,1
2022,LP,,Indie pop/pop rock,,1,Estadounidense,No,VTR Stage,1
2022,Kramer,,Humor,,1,Chilena,No,VTR Stage,1
2022,Drefquila,,Trap,,1,Chilena,No,VTR Stage,2
2022,Doja Cat,,Hip hop/ R&B/ pop rap,,1,Estadounidense,Sí,Banco de Chile Stage,1
2022,Nicki Nicole,,Pop/soul,,1,Argentina,No,Banco de Chile Stage,1
2022,JXDN,,Pop-punk,,1,Estadounidense,No,Banco de Chile Stage,1
2022,Mariel Mariel,,Pop alternativo,,1,Chilena,No,Banco de Chile Stage,1
2022,A day to remember,Post-hardcore,NA,NA,4,Estadounidense,No,Banco de Chile Stage,1
2022,Tai Verdes,Pop,R&b,NA,1,Estadounidense,No,Banco de Chile Stage,1
2022,Rawayana,Reggae,Funk,Soul,4,Venezolana,No,Banco de Chile Stage,1
2022,Soul de Lua,Hip hop,Soul,,2,Chilena,No,Banco de Chile Stage,1
2022,Deorro,Electrónica,NA,,1,Estadounidense-mexicana,No,Perry's Stage,2
2022,Goldfish,Electrónica,NA,NA,2,Sudafricana,No,Perry's Stage,1
2022,Pablo Chill-e,Trap   ,Urbano,NA,1,Chilena,No,Perry's Stage,1
2022,Ceaese,Trap latino,Urbano,NA,1,Chilena,No,Perry's Stage,2
2022,Boombox Cartel,Electrónica,NA,NA,2,Mexicano-estadounidense,No,Perry's Stage,1
2022,Jesse Baez,R&B,NA,NA,1,Guatemalteco-Estadounidense,No,Perry's Stage,1
2022,Jotape Psycho,Rap  ,Trap,Soul,1,Chilena,No,Perry's Stage,1
2022,Alan Walker,Electro house,Dubstep,NA,1,Noruega-Británica,No,Perry's Stage,2
2022,Chris Lake,Electrónica,NA,NA,1,Británico,No,Perry's Stage,1
2022,Ashnikko,Pop,Trap,Funk,1,Estadounidense,No,Perry's Stage,1
2022,Alok,Electrónica,House,Deep house,1,Brasileña,No,Perry's Stage,1
2022,Marcianeke,Trap latino,Reguetón  ,,1,Chilena,No,Perry's Stage,1
2022,Princesa Alba,Trap,R&B,Pop  ,1,Chilena,No,Perry's Stage,1
2022,Power Peralta,Pop ,Hip hop,Baile,2,Chilena,No,Perry's Stage,1
2022,Ghetto Kids,Reguetón,Trap,Electrónica,3,Mexicana,No,Perry's Stage,1
2022,Tiago PZK,Trap,R&B,NA,1,Argentina,No,Axe Stage,1
2022,Marina,Pop ,Indie pop,Electropop,1,Británica,No,Axe Stage,2
2022,Beto Cuevas,Pop rock,NA,NA,1,Chilena,No,Axe Stage,1
2022,BBS paranóicos,Punk,NA,NA,4,Chilena,No,Axe Stage,2
2022,Pascuala Ilabaca y fauna,Pop,NA,NA,6,Chilena,No,Aldea Verde,1
2022,Slowkiss,Rock alternativo,NA,NA,3,Chilena,No,Axe Stage,1
2022,Jack Harlow,Hip hop,R&B,NA,1,Estadounidense,No,Axe Stage,1
2022,Kehlani,R&B,NA,NA,1,Estadounidense,No,Axe Stage,1
2022,070 shake,Soul,Rap,NA,1,Estadounidense,No,Axe Stage,1
2022,Marc Segui,Trap,Rap,Reguetón,1,Español,No,Axe Stage,1
2022,Cimafunk,Funk,Hip hop,NA,1,Cubana,No,Axe Stage,1
2022,Javiera Mena,Electropop,Indie pop,Pop,1,Chilena,No,Lotus Stage,3
2022,Pedro Piedra,Rock,Hip hop,Indie,1,Chilena,No,Lotus Stage,4
2022,Rubio,Pop  ,Electrónica,NA,1,Chilena,No,Lotus Stage,3
2022,Hoppo!,Rock,Folk  ,NA,1,Chilena-Mexicana,No,Lotus Stage,2
2022,Soulfia,Pop  ,Funk,Soul,1,Chilena,No,Lotus Stage,1
2022,Inti histórico quilapayun,Folclor,NA,NA,NA,Chilena,No,Lotus Stage,1
2022,Lucybell,Rock alternativo,Shoegaze,Dream pop,3,Chilena,No,Lotus Stage,3
2022,C-funk,Funk,Soul,Rock  ,7,Chilena,No,Lotus Stage,
2022,Latin Bitman,Hip hop,Funk,R&B,1,Chilena,No,Lotus Stage,3
2022,Girlultra,R&B,Soul,,1,Mexicana,No,Lotus Stage,
2022,"School of rock ""Rock chileno""",Rock,Hard Rock,,18,Chilena,No,Kidzapalooza,
2022,Los fi,,,,,,No,Kidzapalooza,
2022,Banda porota,Música infantil,,,6,Chilena,No,Kidzapalooza,
2022,Cuenta cartón,,,,,,No,Kidzapalooza,
2022,Peppa pig,,,,,,No,Kidzapalooza,
2022,Los pulentos,,,,,,No,Kidzapalooza,
2022,Los frutantes,,,,,,No,Kidzapalooza,
2022,Daboom,,,,,,No,Kidzapalooza,
2022,"School of rock ""The beatles""",,,,,,No,Kidzapalooza,
2022,Astropoetas,,,,,,No,Kidzapalooza,
2022,Jean Paul Olhaberry,,,,,,No,Kidzapalooza,
2022,Los patapelá,,,,,,No,Kidzapalooza,
2022,Kalfu,,,,,,No,Kidzapalooza,
2022,Golden Dawn Arkestra,Afro-beat,Soul,Funk,,Estadounidense,No,Aldea Verde,
2022,Micro TDH,Hip hop,Trap latino,Dance pop,1,Venezolana,No,Aldea Verde,
2022,BMF Squad,,,,,,No,Aldea Verde,
2022,Silvestre y la naranja,Rock,Indie Rock,Funk,4,Argentina,No,Aldea Verde,
2022,Nakeye,Hip hop,Reggae,Electrónica,1,Chilena,No,Aldea Verde,
2022,Yorka,Pop,Indie pop,,2,Chilena,No,Aldea Verde,
2022,Redbull batalla,Freestyle,NA,NA,,,No,Aldea Verde,
2022,Catana,Hip hop,R&B,Electrónica,1,Chilena,No,Aldea Verde,
2022,Liz Santibañez,Pop,Folk Rock,NA,1,Chilena,No,Aldea Verde,
2023,Billie Eilish,Electropop,Indie pop,Pop alternativo,1,Estadounidense,Sí,Costanera Center Stage,
2023,Kali Uchis,Pop,R&B,Hip hop,1,Colombiana-Estadounidense,No,Costanera Center Stage,
2023,Mother Mother,Rock,Indie Rock,NA,5,Canadiense,No,Costanera Center Stage,
2023,Usted Señalemelo,Indie Rock,Rock alternativo,NA,3,Argentina,No,Costanera Center Stage,
2023,Pailita,Trap,Reguéton,NA,1,Chilena,No,Costanera Center Stage,
2023,Sofía Gabanna,Rap,Soul,NA,1,Española-Argentina,No,Costanera Center Stage,
2023,Drake,R&B,Hip hop,Pop,1,Canadiense,Sí,Costanera Center Stage,
2023,Tove Lo,Pop,Electropop,Indie pop,1,Sueca,No,Costanera Center Stage,2
2023,Willow,R&B,Pop punk,Pop alternativo,1,Estadounidense,No,Costanera Center Stage,
2023,Young Cister,Trap,Pop urbano,Reguetón,1,Chilena,No,Costanera Center Stage,
2023,El Kuelgue,Rock fusión,Funk,Indie pop,6,Argentina,No,Costanera Center Stage,
2023,Stailok,Hip hop,Reggae,NA,1,Chilena,No,Costanera Center Stage,
2023,Twenty One Pilots,Rap rock,Electropop,Indie pop,2,Estadounidense,Sí,Costanera Center Stage,3
2023,The 1975,Pop rock,Indie pop,Indie rock,4,Británica,No,Costanera Center Stage,3
2023,Wallows,Indie rock,Post-punk,Power pop,3,Estadounidense,No,Costanera Center Stage,
2023,Alex Anwandter,Pop,Electropop,Rock alternativo,1,Chilena,No,Costanera Center Stage,3
2023,Spiral vortex,Rock,Indie,Electrónica,4,Chilena,No,Costanera Center Stage,
2023,Lil Nas X,Hip hop,Trap,R&B,1,Estadounidense,Sí,Banco de Chile Stage,
2023,Conan Gray,Pop,Indie pop,NA,1,Estadounidense,No,Banco de Chile Stage,
2023,Mora,Trap latino,Reguetón,Electrónica,1,Puertorriqueño,No,Banco de Chile Stage,
2023,Conociendo Rusia,Rock,Pop,NA,1,Argentina,No,Banco de Chile Stage,
2023,Elsa y Elmar,Pop,Folk,Indie,1,Colombiana,No,Banco de Chile Stage,
2023,Rosalía,Pop latino,R&B,Reguetón,1,Española,Sí,Banco de Chile Stage,
2023,Aurora,Pop,Synthpop,Folk,1,Noruega,No,Banco de Chile Stage,2
2023,Danny Ocean,Pop latino,Reguetón,Dancehall,1,Venezolana,No,Banco de Chile Stage,
2023,Louta,Trap,Pop,Reguetón,1,Argentina,No,Banco de Chile Stage,
2023,Villano Antivillano,Reguetón,Rap,Dancehall,1,Puertorriqueña,No,Banco de Chile Stage,
2023,Tame Impala,Rock psicodélico,Synthpop,Rock espacial,1,Australiana,Sí,Banco de Chile Stage,2
2023,Jane's Addiction,Rock alternativo,Hard rock,Rock gótico,4,Estadounidense,No,Banco de Chile Stage,
2023,Yungblud,Rock alternativo,Pop punk,Indie rock,1,Británica,No,Banco de Chile Stage,
2023,Ottto,,,,,,No,Banco de Chile Stage,
2023,Rise Against,Hardcore punk,Punk rock,Hardcore melódico,4,Estadounidense,No,Axe Stage,
2023,Polo x Pan,Electrónica,Deep house,Synthpop,2,Francesa,No,Axe Stage,
2023,Modest Mouse,Rock alternativo,Indie rock,Slacker rock,6,Estadounidense,No,Axe Stage,
2023,Hot Milk,Pop emo,Pop punk,Rock alternativo,2,Británica,No,Axe Stage,
2023,Friolento,Pop,Indie pop,Post punk,4,Chilena,No,Axe Stage,
2023,Chini.PNG,Post punk,Indie pop,NA,1,Chilena,No,Axe Stage,
2023,Cigarettes After Sex,Indie rock,Dream pop,Slowcore,3,Estadounidense,No,Axe Stage,
2023,The Rose,Rock,Pop rock,Indie rock,4,Coreana,No,Axe Stage,
2023,Suki Waterhouse,Indie rock,Dream pop,Pop alternativo,1,Británica,No,Axe Stage,
2023,Marilina Bertoldi,Rock alternativo,Funk,NA,1,Argentina,No,Axe Stage,
2023,Benito Cerati,Rock,Pop,Electrónica,1,Chilena-Argentina,No,Axe Stage,
2023,Masquemusica,Indie,R&B,Soul,1,Chilena,No,Axe Stage,
2023,Melanie Martinez,Pop alternativo,Electropop,Pop rock,1,Estadounidense,No,Axe Stage,2
2023,Lit Killah,R&B,Trap latino,Reguetón,1,Argentina,No,Axe Stage,
2023,Sofi Tukker,House,Electrónica,Pop,2,Estadounidense,No,Axe Stage,
2023,Panico,,,,,,No,Axe Stage,
2023,Nano Stern,Rock,Folk,Trova,1,Chilena,No,Axe Stage,
2023,Plumas,Pop-rock,NA,NA,2,Chilena,No,Axe Stage,
2023,Claptone,Tech house,Deep house,Indie Dance,2,Alemana,No,Perry's Stage,
2023,Gorgon City,House,Deep house,Tech house,2,Británica,No,Perry's Stage,
2023,Tokischa,Reguetón,Dancehall,Diva house,1,Dominicana,No,Perry's Stage,
2023,Ryan Castro,Reguetón,Dancehall,NA,1,Colombiana,No,Perry's Stage,
2023,Nora en Pure,Deep house,Indie Dance,Tech house,1,Sudafricana,No,Perry's Stage,
2023,Rojuu,Trap experimental,Emo trap,NA,1,Española,No,Perry's Stage,
2023,Dillom,Hip hop,Indie pop,Punk rock,1,Argentina,No,Perry's Stage,
2023,Shirel,Pop,Trap,R&B,1,Peruana,No,Perry's Stage,
2023,Loyaltty,,,,,,No,Perry's Stage,
2023,Armin Van Buuren,Trance,Electro house,Tech Trance,1,Neerlandesa,No,Perry's Stage,
2023,Alison Wonderland,Electropop,Future bass,NA,1,Australiana,No,Perry's Stage,
2023,John Summit,,,,,Estadounidense,No,Perry's Stage,
2023,Cris MJ,Reguetón,Trap,NA,1,Chilena,No,Perry's Stage,
2023,Young Miko,Trap latino,Reguetón,Pop urbano,1,Puertorriqueña,No,Perry's Stage,
2023,Madds,,,,,Sudáfrica,No,Perry's Stage,
2023,Melanie Ribbe,House,Techno,NA,1,Jamaiquina,No,Perry's Stage,
2023,Red Bull Batalla,,,,,Chilena,No,Perry's Stage,
2023,Baus,,,,,Estadounidense,No,Perry's Stage,
2023,Jamie XX,Indie pop,House,Indietronica,1,Británica,No,Perry's Stage,
2023,Purple Disco Machine,Nu-disco,House,NA,1,Alemana,No,Perry's Stage,
2023,Fred Again..,House,Pop,Downtempo,1,Británica,No,Perry's Stage,
2023,Álvaro Díaz,Reguetón,Trap latino,R&B,1,Puertorriqueña,No,Perry's Stage,
2023,YSY A,Trap latino,Hip hop,House,1,Argentina,No,Perry's Stage,
2023,DT. Bilardo,,,,,,No,Perry's Stage,
2023,King Savagge,Reguetón,Trap,Mambo,1,Chilena,No,Perry's Stage,
2023,Pablito Pesadilla,Dance,Electrónica,Urbano,1,Chilena,No,Perry's Stage,
2023,RVYO,Hip hop,Rap,NA,1,Chilena,No,Perry's Stage,
2023,Mi perro Chocolo,,,,,Chilena,No,KIDZAPALOOZA Stage,
2023,Tikitiklip,,,,,Chilena,No,KIDZAPALOOZA Stage,
2023,El barco volador,,,,,Chilena,No,KIDZAPALOOZA Stage,
2023,Hola Flinko,,,,,Chilena,No,KIDZAPALOOZA Stage,
2023,Sinergia Kids,,,,,Chilena,No,KIDZAPALOOZA Stage,
2023,Nano Stern,,,,,Chilena,No,KIDZAPALOOZA Stage,
2023,"Go, go, gallo pipe",,,,,Chilena,No,KIDZAPALOOZA Stage,
2023,School of rock,,,,,Chilena,No,KIDZAPALOOZA Stage,
2023,Caleuchistico,,,,,Chilena,No,KIDZAPALOOZA Stage,
2023,Lyra,,,,,Chilena,No,KIDZAPALOOZA Stage,
2023,Vicente Cifuentes,Trova,Pop,NA,1,Chilena,No,Aldea Verde,
2023,Angelo Pierattini,Rock,Hard rock,NA,1,Chilena,No,Aldea Verde,
2023,Francisco el hombre,Pop rock,Folclor,MPB,5,Brasileña,No,Aldea Verde,
2023,Tom D. Rocka,Rock,Folk,Electrónica,1,Chilena,No,Aldea Verde,
2023,El cruce,Blues rock,Blues criollo,NA,5,Chilena,No,Aldea Verde,
2023,Ases falsos,Rock alternativo,NA,NA,7,Chilena,No,Aldea Verde,3
2023,Benjamín Walker,Folk,Indie,NA,1,Chilena,No,Aldea Verde,
2023,Yael Meyer,Indie,Folk,NA,1,Chilena,No,Aldea Verde,
2023,Clemente,,,,,Chilena,No,Aldea Verde,
2023,Código abierto,,,,,Chilena,No,Aldea Verde,
2023,Alain Johannes Trio,Rock alternativo,Hard rock,Blues rock,3,Chilena,No,Aldea Verde,2
2023,Gufi,Pop punk,Punk rock,NA,3,Chilena,No,Aldea Verde,
2023,Malamen,,,,,Chilena,No,Aldea Verde,
2023,Alectrofobia,Rock alternativo,NA,NA,3,Chilena,No,Aldea Verde,
2023,Samsara,,,,,Chilena,No,Aldea Verde,
2024,Bratty,,,,,,No,Cenco Malls Stage,
2024,Kenia Os,R&B ,Pop,NA,1,Mexicana,No,Cenco Malls Stage,
2024,Jessie Reyez,R&B,Hip hop,NA,1,Canadiense,No,Cenco Malls Stage,
2024,Thirty Seconds To Mars,Rock alternativo,Metal progresivo,Post-hardcore,2,Estadounidense,No,Cenco Malls Stage,
2024,Feid,Reguetón,Pop latino,R&B,1,Colombiana,Sí,Cenco Malls Stage,
2024,Tronic,Punk ,Pop,NA,,Chilena,No,Cenco Malls Stage,
2024,Glup!,Rock chileno,Indie rock,NA,3,Chilena,No,Cenco Malls Stage,
2024,Fletcher,Pop,R&B,NA,1,Estadounidense,No,Cenco Malls Stage,
2024,The Offspring,State punk,Punk rock,Rock alternativo,5,Estadounidense,No,Cenco Malls Stage,
2024,Blink-182,Pop punk,Punk rock,Skate punk,3,Estadounidense,Sí,Cenco Malls Stage,
2024,Orquesta Fach,,,,,Chilena,No,Cenco Malls Stage,
2024,Los Mesoneros,,,,,Venezolana,No,Cenco Malls Stage,
2024,Denise Rosenthal,Pop latino,Dance pop,Balada,1,Chilena,No,Cenco Malls Stage,
2024,Jere Klein,Reguetón,Trap,RKT,1,Chilena,No,Cenco Malls Stage,
2024,Phoenix,Indie rock,Indie pop,Synthpop,4,Francia,No,Cenco Malls Stage,
2024,SZA,R&B,Pop,NA,1,Estadounidense,Sí,Cenco Malls Stage,
2024,Machuca,Punk rock,NA,NA,4,Chilena,No,Banco de Chile Stage,
2024,Gale,Pop latino,Synthpop,Rock alternativo,1,Puertorriqueña,No,Banco de Chile Stage,
2024,Dayglow,Indie pop,Pop alternativo,NA,1,Estadounidense,No,Banco de Chile Stage,
2024,Hozier,Indie,R&B,Blues,1,Irlandesa,No,Banco de Chile Stage,
2024,Limp Bizkit,Nu metal,Rap metal,Rap rock,5,Estadounidense,Sí,Banco de Chile Stage,
2024,Meduza,House,Electrónica,NA,3,Italiana,No,Banco de Chile Stage,
2024,Verito Asprilla,,,,,Colombiana,No,Banco de Chile Stage,
2024,Monsieur Periné,Pop,Jazz,Swing,2,Colombiana,No,Banco de Chile Stage,
2024,Francisca Valenzuela,Pop rock,Pop latino,Folk,1,Chilena,No,Banco de Chile Stage,
2024,Arcade Fire,Indie rock,Art rock,Chamber pop,5,Canadiense,Sí,Banco de Chile Stage,
2024,Chencho Corleone,Reguetón,NA,NA,1,Puertorriqueña,No,Banco de Chile Stage,
2024,Chystemc,,,,,Chilena,No,Banco de Chile Stage,
2024,Nicole,Pop,Pop rock,NA,1,Chilena,No,Banco de Chile Stage,
2024,Grupo Frontera,,,,6,Estadounidense,No,Banco de Chile Stage,
2024,Jungle,Soul,Nu-disco,Neo soul,7,Británica,No,Banco de Chile Stage,
2024,Sam Smith,Pop,R&B,Soul,1,Británica,Sí,Banco de Chile Stage,
2024,Florian,Rock,Pop,Indie,1,Argentina,No,Alternative Stage,
2024,Muerdo,Reggae ,Pop,Folk,1,Española,No,Alternative Stage,
2024,León Larregui,Rock alternativo,Rock psicodélico,Neopsicodelia,1,Mexicana,No,Alternative Stage,
2024,Pierce The Veil,Post-hardcore,Rock alternativo,Pop punk,3,Estadounidense,No,Alternative Stage,
2024,El mató a un policía motorizado,Electro pop,Indie Rock,Rock espacial,5,Argentina,No,Alternative Stage,
2024,King Gizzard & The Lizard Wizard,Psicodelia,Garage rock,Folk,6,Australiana,No,Alternative Stage,
2024,BB Tickz,Drill,Urbana,NA,1,Española,No,Alternative Stage,
2024,Fármacos,Rock,Pop,NA,5,Chilena,No,Alternative Stage,
2024,José Madero,Folk rock,Indie rock,Pop rock,1,Mexicana,No,Alternative Stage,
2024,Cami,Pop latino,Rock latino,Balada romántica,1,Chilena,No,Alternative Stage,
2024,Movimiento original,,,,,Chilena,No,Alternative Stage,
2024,The Blaze,Electrónica,House,Indie pop,2,Francesa,No,Alternative Stage,
2024,Estoy bien,,,,,Chilena,No,Alternative Stage,
2024,FACEBROOKLYN,Reguetón,Pop,Indie,1,Chilena,No,Alternative Stage,
2024,Gonzalo Yáñez,Rock ,Pop ,NA,1,Uruguaya-Chilena,No,Alternative Stage,
2024,Ana Tijoux,Hip hop consciente,Rap alternativo,Jazz rap,1,Chilena,No,Alternative Stage,5
2024,Nothing but thieves,Hard rock,Indie rock,Stoner rock,5,Británica,No,Alternative Stage,
2024,Omar Apollo,R&B,Funk,Soul,1,Mexicana-Estadounidense,No,Alternative Stage,
2024,The Driver Era,Rock alternativo,Pop alternativo,NA,2,Estadounidense,No,Alternative Stage,
2024,Ceaese,Trap latino,Urbano,NA,1,Chilena,No,Perry's Stage,3
2024,Bhavi,Trap latino,Hip hop,R&B,1,Argentina,No,Perry's Stage,
2024,Bad Milk,Punk ,Rock,NA,1,Colombiana,No,Perry's Stage,
2024,Latin Mafia,Reguetón,Trap,House,3,Mexicana,No,Perry's Stage,
2024,AKRIILA,Trap latino,Pop experimental,Drum and bass,1,Chilena,No,Perry's Stage,
2024,Overmono,Electrónica,Breakbeat,NA,2,Británica,No,Perry's Stage,
2024,Dombresky,Funky,Feel-good,NA,1,Estadounidense,No,Perry's Stage,
2024,Zhu,House,Deep house,NA,1,Estadounidense,No,Perry's Stage,
2024,Bresh,,,,,Argentina,No,Perry's Stage,
2024,Lua Lacruz,Pop,Urbano,NA,1,Chilena,No,Perry's Stage,
2024,Aura Bae,Funk,Soul,Pop,1,Chilena,No,Perry's Stage,
2024,DJ Tee,,,,,Chilena,No,Perry's Stage,
2024,Rainao,Reguetón,R&B,Trap,1,Puertorriqueña,No,Perry's Stage,
2024,Kid Voodoo,Reguetón,Trap latino,Rock indie,1,Chilena,No,Perry's Stage,
2024,Pablito Pesadilla,,,,,Chilena,No,Perry's Stage,
2024,Sky Rompiendo,Reguetón,Trap latino,NA,1,Colombiana,No,Perry's Stage,
2024,MK,,,,,Estadounidense,No,Perry's Stage,
2024,Dom Dolla,House,Tech house,Future house,1,Australiana,No,Perry's Stage,
2024,Diplo,Electrónica,Hip hop,Pop,1,Estadounidense,No,Perry's Stage,2
2024,LSV,,,,,Chilena,No,Perry's Stage,
2024,Taiu,Trap,Electrónica,NA,1,Argentina,No,Perry's Stage,
2024,NSQK,Pop,R&B,Trap,1,Mexicana,No,Perry's Stage,
2024,Alejo,,,,,Puertorriqueña,No,Perry's Stage,
2024,Saiko,Reguetón,Trap,NA,1,Chilena,No,Perry's Stage,
2024,DJ Who,Electrónica,Pop,NA,1,Chilena,No,Perry's Stage,4
2024,Easykid,Reguetón,Trap,Urbano,1,Chilena,No,Perry's Stage,
2024,Loud Luxury,Deep house,Future house,NA,2,Canadiense,No,Perry's Stage,
2024,Timmy Trumpet,Trap,Electrohouse,Bounce,1,Australiana,No,Perry's Stage,
2024,Above & Beyond,Trance,Big room house,Progressive house,3,Británica,No,Perry's Stage,
2024,School of rock,,,,,Chilena,No,KIDZAPALOOZA,
2024,Guaypes Club,,,,,Chilena,No,KIDZAPALOOZA,
2024,Los Pulentos,,,,,Chilena,No,KIDZAPALOOZA,
2024,Tikitiklip,,,,,Chilena,No,KIDZAPALOOZA,
2024,Ratoncitos dulces sueños,,,,,Chilena,No,KIDZAPALOOZA,
2024,De tu cuna a tu tumba,,,,,Chilena,No,KIDZAPALOOZA,
2024,Orquesta Fach,,,,,Chilena,No,KIDZAPALOOZA,
2024,Mombasa,,,,,Chilena,No,KIDZAPALOOZA,
2024,Hola Flinko,,,,,Chilena,No,KIDZAPALOOZA,
2024,Organik,,,,,Chilena,No,KIDZAPALOOZA,
2024,Payaso Plim Plim,,,,,Argentina,No,KIDZAPALOOZA,
2024,El barco volador,,,,,Chilena,No,KIDZAPALOOZA,
2024,El significado de las flores,,,,,Chilena,No,Lotus Stage,
2024,Cigarbox Man,Rock alternativo,NA,NA,1,Chilena,No,Lotus Stage,
2024,Tiano Bless,Reggae,Jazz,Champeta,1,Chilena-Brasileña,No,Lotus Stage,3
2024,Ximena Sariñana,Rock  ,Blues,Soul,1,Mexicana,No,Lotus Stage,
2024,Diamante Eléctrico,Garage rock,Indie rock,Funk rock,3,Colombiana,No,Lotus Stage,
2024,Los Pericos,Reggae,Ska,Rocksteady,6,Argentina,No,Lotus Stage,
2024,Tenemos explosivos,Post-hardcore,Post-punk,Rock alternativo,5,Chilena,No,Lotus Stage,
2024,The Alive!,,,,,Estadounidense,No,Lotus Stage,
2024,Los Miserables,Punk rock,Hardcore,Rock alternativo,6,Chilena,No,Lotus Stage,
2024,Andres Nusser,Indie pop,Rock indie,Rock alternativo,1,Chilena,No,Lotus Stage,
2024,Francisco Victoria,Pop ,NA,NA,1,Chilena,No,Lotus Stage,
2024,Red Bull Batalla,,,,,Chilena,No,Lotus Stage,
2025,Indios,,,,,,No,Cenco Malls Stage,
2025,Dante Spinetta,Hip hop,Rap rock,Funk,1,Argentina,No,Cenco Malls Stage,
2025,Joe Vasconcellos,Pop rock,Blues,Cumbia,1,Chilena,No,Cenco Malls Stage,
2025,Benson Boone,Pop,Pop rock,Rap,1,Estadounidense,No,Cenco Malls Stage,
2025,Olivia Rodrigo,Pop,Folk,Rock  ,1,Estadounidense,Sí,Cenco Malls Stage,
2025,Seamoon,,,,,,No,Cenco Malls Stage,
2025,Lasso,Pop,Pop rock,Balada romántica,1,Venezolana-Mexicana,No,Cenco Malls Stage,
2025,Babasónicos,Rock alternativo,Art pop,Rock electrónico,5,Argentina,No,Cenco Malls Stage,2
2025,Foster The People,Indie rock,Indie pop,Rock alternativo,2,Estadounidense,No,Cenco Malls Stage,
2025,Justin Timberlake,Pop,R&B,Neo soul,1,Estadounidense,Sí,Cenco Malls Stage,
2025,Turf,Rock  ,Pop rock,Synth pop,5,Argentina,No,Cenco Malls Stage,
2025,Lucybell,Rock alternativo,Shoegaze,Dream pop,3,Chilena,No,Cenco Malls Stage,4
2025,The Marías,Indie pop,Indie rock,Rock psicodélico,2,Estadounidense,No,Cenco Malls Stage,
2025,Los Tres,Rock,Folk rock,Jazz rock,4,Chilena,No,Cenco Malls Stage,
2025,Tool,Metal alternativo,Art rock,Post-metal,4,Estadounidense,Sí,Cenco Malls Stage,
2025,Elena Rose,Reguetón,R&B,Pop,1,Estadounidense-Venezolana,No,Banco de Chile Stage,
2025,Soulfía,,,,,,No,Banco de Chile Stage,
2025,Girl in red,Indie pop,Indie rock,Bedroom pop,1,Noruega,No,Banco de Chile Stage,
2025,Rawayana,Reggae,Pop psicodélico,Funk,4,Venezolana,No,Banco de Chile Stage,
2025,Rüfüs Du Sol,Alternative dance,Electrónica,House,3,Australiana,Sí,Banco de Chile Stage,
2025,Karla Grunewaldt,Pop,Folk ,Indie pop,1,Chilena,No,Banco de Chile Stage,
2025,Resonancia etérea,Indie rock,Rock alternativo,Pop rock,4,Chilena,No,Banco de Chile Stage,
2025,Nathy Peluso,Hip hop,Neo soul,R&B,1,Argentina-Española-Italiana,No,Banco de Chile Stage,
2025,Parcels,Nu-disco,Funk,Indietrónica,5,Australiana,No,Banco de Chile Stage,
2025,Alanis Morissette,Pop rock,Rock alternativo,NA,1,Canadiense-Estadounidense,Sí,Banco de Chile Stage,
2025,Chances,,,,,,No,Banco de Chile Stage,
2025,Arde Bogotá,Rock alternativo,Indie rock,NA,4,Española,No,Banco de Chile Stage,
2025,Inhaler,Indie rock,Rock alternativo,Post punk,4,Irlandesa,No,Banco de Chile Stage,
2025,Tate Mcrae,Pop,Pop alternativo,Dance pop,1,Canadiense,No,Banco de Chile Stage,
2025,Shawn Mendes,Pop,Folk pop,Pop rock,1,Canadiense,Sí,Banco de Chile Stage,
2025,Balthvs,,,,,,No,Smart Fit Stage,
2025,Marina Reche,Pop contemporáneo,R&B,Electrónica,1,Española,No,Smart Fit Stage,
2025,LospetitFellas,Hip hop,Rock,Funk,6,Colombiana,No,Smart Fit Stage,
2025,Michael Kiwanuka,Indie rock,Folk rock,Soul,1,Británica,No,Smart Fit Stage,
2025,Fontaines D.C.,Rock indie,Post punk,Rock alternativo,5,Irlandesa,No,Smart Fit Stage,
2025,Caribou,,,,,,No,Smart Fit Stage,
2025,Confío en tus amigos,,,,,,No,Smart Fit Stage,
2025,Pablopablo,R&B,Indie rock,Dream pop,1,Española,No,Smart Fit Stage,
2025,Francisco Victoria,,,,,,No,Smart Fit Stage,
2025,Nessa Barret,Pop rock,Pop oscuro,Pop alternativo,1,Estadounidense,No,Smart Fit Stage,
2025,Ca7riel & Paco Amoroso,Trap latino,Hip house,Pop latino,2,Argentina,No,Smart Fit Stage,
2025,Lara Project,Pop latino,R&B,Urbano,2,Venezolana,No,Smart Fit Stage,
2025,Mon Laferte,Bolero,Indie pop,Pop rock,1,Chilena,No,Smart Fit Stage,2
2025,Candelabro,Art rock,Rock alternativo,Nerd rock,7,Chilena,No,Smart Fit Stage,
2025,Israel Vibration & Roots Radics,,,,,,No,Smart Fit Stage,
2025,Cancamusa,Indie,Dream pop,Rock alternativo,1,Chilena,No,Smart Fit Stage,
2025,Artemas,Pop ,Pop alternativo,Dark wave,1,Británica,No,Smart Fit Stage,
2025,Wave to earth,Rock indie,Indie pop,NA,3,Coreana,No,Smart Fit Stage,
2025,Sepultura,Thrash metal,Death metal,Groove metal,4,Brasileña,No,Smart Fit Stage,
2025,Teddy Swims,Country ,Pop,Soul,1,Estadounidense,No,Smart Fit Stage,
2025,Abrildefresa,Afrobeat,R&B,Pop,1,Chilena,No,Perry's Stage,
2025,Dezko,House,Deep house,Tech house,1,Colombiana,No,Perry's Stage,
2025,Taichu,Trap,NA,NA,1,Argentina,No,Perry's Stage,
2025,Polimá Westcoast,Pop rap,House,Trap latino,1,Chilena,No,Perry's Stage,
2025,L-Gante,RKT,Trap,Reguetón,1,Argentina,No,Perry's Stage,
2025,Disco Lines,Future bass,Deep house,Trap,1,Estadounidense,No,Perry's Stage,
2025,JPEGMafia,Hip hop,Punk rap,Trap metal,1,Estadounidense,No,Perry's Stage,
2025,KYA,Pop ,Urbano,Funk,1,Chilena,No,Perry's Stage,
2025,El Malilla,Reguetón mexa,NA,NA,1,Mexicana,No,Perry's Stage,
2025,Aron,,,,,,No,Perry's Stage,
2025,Hortadoj,Hip hop,Underground rap,Bolero,1,Chilena,No,Perry's Stage,
2025,Wen bros Cestar & Stailok,,,,,,No,Perry's Stage,
2025,Drefquila,,,,,,No,Perry's Stage,
2025,Barry Can't Swim,,,,,,No,Perry's Stage,
2025,Blond:Ish,Afrohouse,Organic house,Deep house,1,Canadiense,No,Perry's Stage,
2025,Charlotte de Witte,Techno,Trance,Acid techno,1,Belga,No,Perry's Stage,
2025,Killua97,Trap,Rap ,NA,1,Chilena,No,Perry's Stage,
2025,Kuina,Reguetón,Trap,Pop alternativo,1,Chilena,No,Perry's Stage,
2025,Reality,,,,,,No,Perry's Stage,
2025,Red Bull Batalla,,,,,,No,Perry's Stage,
2025,Micro TDH,,,,,,No,Perry's Stage,
2025,Dillom,Hip hop latino,Indie pop,Trap latino,1,Argentina,No,Perry's Stage,
2025,Ovy On The Drums,Reguetón,Pop urbano,R&B,1,Colombiana,No,Perry's Stage,
2025,Kasablanca,,,,,,No,Perry's Stage,
2025,San Holo,Trap,Future bass,NA,1,Neerlandesa,No,Perry's Stage,
2025,Zedd,Electrónica,Dance pop,House,1,Rusa,No,Perry's Stage,2
2026,The Warning,Hard rock,Rock alternativo,Post grunge,3,Mexicana,No,Cenco Malls Stage,
2026,Gepe,Pop,Electropop,Rock alternativo,1,Chilena,No,Cenco Malls Stage,
2026,Ruel,Pop ,Soul,Electrónica,1,Británica-Australiana,No,Cenco Malls Stage,
2026,Doechii,Hip hop,R&B,Pop rap,1,Estadounidense,Sí,Cenco Malls Stage,
2026,Sabrina Carpenter,Pop ,Dance pop,R&B,1,Estadounidense,Sí,Cenco Malls Stage,
2026,Zaturno,Rap ,Hip hop,NA,1,Chilena,No,Cenco Malls Stage,
2026,Candelabro,Art rock,Rock alternativo,Nerd rock,7,Chilena,No,Cenco Malls Stage,
2026,DJO,Synth-pop,Indie pop,Indie rock,1,Estadounidense,No,Cenco Malls Stage,
2026,Turnstile,Hardcore punk,Rock alternativo,Hardcore melódico,5,Estadounidense,Sí,Cenco Malls Stage,
2026,"Tyler, The Creator",Rap alternativo,R&B,Hip hop,1,Estadounidense,Sí,Cenco Malls Stage,
2026,Cristobal Briceño y Grupo Crisis,,,,,Chileno,No,Cenco Malls Stage,
2026,Bandalos Chinos,,,,,,No,Cenco Malls Stage,
2026,Marina,Pop ,Indie pop,Electropop,1,Británica,No,Cenco Malls Stage,3
2026,Lewis Capaldi,Pop,Folk rock,Pop soul,1,Británica-Escocesa,Sí,Cenco Malls Stage,
2026,Chappel Roan,Synth pop,Pop,Pop indie,1,Estadounidense,Sí,Cenco Malls Stage,
2026,Dracma,Rock,Metal,NA,5,Chilena,No,Banco de Chile Stage,
2026,Bad Nerves,Pop punk,Punk rock,NA,5,Británica,No,Banco de Chile Stage,
2026,Airbag,Pop rock,Pop punk,Hard rock,3,Argentina,No,Banco de Chile Stage,
2026,Interpol,Indie rock,Rock alternativo,Post punk,3,Estadounidense,No,Banco de Chile Stage,
2026,Deftones,Metal alternativo,Nu metal,Rock alternativo,4,Estadounidense,Sí,Banco de Chile Stage,
2026,Young Cister,,,,,,No,Banco de Chile Stage,
2026,Astronautiko,Folk urbano,Rap,Trap,1,Chilena,No,Banco de Chile Stage,
2026,Yami Safdie,Reguetón,Pop latino,R&B,1,Argentina,No,Banco de Chile Stage,
2026,Royel Otis,Pop indie,Rock indie,Pop rock,2,Australiana,No,Banco de Chile Stage,
2026,Katseye,Dance pop,Pop,NA,5,Estadounidense,No,Banco de Chile Stage,
2026,Lorde,Art pop,Synth pop,Dream pop,1,Neozelandesa-Croata,Sí,Banco de Chile Stage,
2026,Los Bunkers,Rock alternativo,Pop rock,NA,5,Chilena,Sí,Banco de Chile Stage,
2026,Santo Barrio,Rock,Ska,Punk,6,Chilena,No,Banco de Chile Stage,
2026,Joaquina,Pop latino,Folk rock,NA,1,Venezolana,No,Banco de Chile Stage,
2026,Danny Ocean,Pop latino,Reguetón,Dancehall,1,Estadounidense-Venezolana,No,Banco de Chile Stage,
2026,Adisson Rae,Pop,Synth-pop,Electropop,1,Estadounidense,No,Banco de Chile Stage,
2026,Skrillex,,,,,,Sí,Banco de Chile Stage,
2026,Cleaver,Rock alternativo,Grunge,NA,4,Chilena,No,Alternative Stage,
2026,Lany,Indie pop,Dream pop,Synth-pop,,Estadounidense,No,Alternative Stage,
2026,Viagra Boys,Post punk,Art punk,Dance punk,6,Sueca,No,Alternative Stage,
2026,Men I Trust,Indie pop,Indie rock,Dream pop,3,Canadiense,No,Alternative Stage,
2026,Tom Morello,Metal alternativo,Funk metal,Heavy metal,1,Estadounidense,No,Alternative Stage,
2026,Mano de Obra,Hardcore punk,Hardcore,NA,,Chilena,No,Alternative Stage,
2026,De Saloon,Rock alternativo,Pop rock,Indie rock,3,Chilena,No,Alternative Stage,
2026,Judeline,Pop indie,Pop alternativo,NA,1,Española,No,Alternative Stage,
2026,Balu Brigada,Rock indie,Pop alternativo,NA,2,Neozelandesa,No,Alternative Stage,
2026,Orishas,Hip hop latino,Hip hop alternativo,Rap latino,2,Cubana,No,Alternative Stage,
2026,Hesse Kassel,Rock alternativo,Post-rock,NA,6,Chilena,No,Alternative Stage,
2026,Anttonias,Rock,Pop,NA,5,Chilena,No,Alternative Stage,
2026,Manuel García,Rock,Trova,Folk,1,Chilena,No,Alternative Stage,
2026,TV Girl,Indie pop,Ambient pop,Dream pop,3,Estadounidense,No,Alternative Stage,
2026,2 Minutos,Punk rock,Ska punk,NA,5,Argentina,No,Alternative Stage,
2026,RIIZE,K-pop,Pop rock,House  ,6,Coreana,No,Alternative Stage,
2026,Benja Valencia,Reguetón,Trap ,Pop,1,Chilena,No,Perry's Stage,
2026,Bryartz,,,,,,No,Perry's Stage,
2026,Saske,,,,,,No,Perry's Stage,
2026,3ballmty,,,,,,No,Perry's Stage,
2026,Six Sex,,,,,,No,Perry's Stage,
2026,Horsegiirl,,,,,,No,Perry's Stage,
2026,Bunt.,,,,,,No,Perry's Stage,
2026,Ben Bohmer,,,,,,No,Perry's Stage,
2026,Kygo,House tropical,Dance-pop,House progresivo,1,Noruega,No,Perry's Stage,2
2026,Bruno Borlone,,,,,,No,Perry's Stage,
2026,Marlon Breeze,,,,,,No,Perry's Stage,
2026,Aura Bae,,,,,,No,Perry's Stage,
2026,Katteyes,,,,,,No,Perry's Stage,
2026,Aerobica,,,,,,No,Perry's Stage,
2026,Roz,,,,,,No,Perry's Stage,
2026,Yousuke Yuk1matsu,,,,,,No,Perry's Stage,
2026,Peggy Gou,,,,,,No,Perry's Stage,
2026,Miss Javi,,,,,,No,Perry's Stage,
2026,Mauricio Hernandez,,,,,,No,Perry's Stage,
2026,Caleb Calloway,,,,,,No,Perry's Stage,
2026,Hamdi,,,,,,No,Perry's Stage,
2026,Facebrooklyn,,,,,,No,Perry's Stage,
2026,2Hollis & rommulas,,,,,,No,Perry's Stage,
2026,AKRIILA,,,,,,No,Perry's Stage,
2026,Brutalismus 3000,,,,,,No,Perry's Stage,
2026,Consequence of energy,,,,,,No,Lotus Stage,
2026,Drink the sea,,,,,,No,Lotus Stage,
2026,Amigo de artistas,,,,,,No,Lotus Stage,
2026,The La Planta,,,,,,No,Lotus Stage,
2026,Gondwana,Reggae,Rocksteady,NA,,Chilena,No,Lotus Stage,2
2026,Fonosida,,,,,,No,Lotus Stage,
2026,Como asesinar a felipes,,,,,,No,Lotus Stage,
2026,Chicarica,,,,,,No,Lotus Stage,
2026,Guatarricadelafuente,,,,,,No,Lotus Stage,
2026,Rubio,,,,,,No,Lotus Stage,
2026,Tomo como rey,,,,,,No,Lotus Stage,
2026,Los borne,,,,,,No,Lotus Stage,
2026,La caravana mágica,,,,,,No,Lotus Stage,
2026,Niebla Niebla,,,,,,No,Lotus Stage,
2026,Claudio Valenzuela Trio,,,,,,No,Lotus Stage,
2026,Mau & Ricky,,,,,,No,Lotus Stage,
2026,Quilapayún,,,,,,No,Lotus Stage,
2026,Los Machinga,,,,,,No,KIDZAPALOOZA Stage,
2026,Despertando las neuronas,,,,,,No,KIDZAPALOOZA Stage,
2026,31 Minutos,Infantil,NA,NA,,Chilena,No,KIDZAPALOOZA Stage,
2026,School of rock,,,,,,No,KIDZAPALOOZA Stage,
2026,Wassa Wassa Melodías de África,,,,,,No,KIDZAPALOOZA Stage,
2026,Caleuchistico,,,,,,No,KIDZAPALOOZA Stage,
2026,Otroarte música,,,,,,No,KIDZAPALOOZA Stage,
2026,Tikitiklip,,,,,,No,KIDZAPALOOZA Stage,
,,,,,,,,,
,,,,,,,,,
,,,,,,,,,
,,,,,,,,,
,,,,,,,0,,
